Number,Manufacturer Part Number
032-0009-000,C1005JB1H222KT
032-0010-000,C1005JB0J105KT
032-0011-000,C1608JB0J475KT
032-0012-000,C1005JB1E223KT
032-0021-000,C1005X7R1A224KT
032-0056-000,CL10A226MQ8NRNE
032-0097-000,C3216X5R1E106KT
032-0097-000,C3216X5R1E106KT
032-0104-000,C1005X5R0J475MT
032-0209-000,C1005C0G1H100C050BA
032-0265-000,CGJ2B2X7R1C102K050BA
032-0265-000,CGJ2B2X7R1C102K050BA
032-0267-000,C2012X5R0J106MT
032-0302-000,6TPE470M
032-0321-000,GCM1885C1H152JA16D
032-0469-000,C1608JB1H104KT
032-0690-000,EEFSS0D221R
035-0014-000,035-0014-000
035-0111-000,C1005C0G1H330JT
036-0130-000,JMK107B7225KA-TR
039-0072-000,C1005X5R1C104KT
039-0072-000,C1005X5R1C104KT
039-0072-000,C1005X5R1C104KT
039-0073-000,C2012X5R0J226MT
039-0076-000,C1608X5R1C105KT
039-0076-000,C1608X5R1C105KT
039-0120-000,EMK063BJ103KP-F
039-0149-000,GRM21BR60G476ME15L
039-0165-000,C0603X5R0J104KT
080-0043-000,FTSH-105-01-LM-DV-K
080-1009-000,B3B-PH-SM4-TB(LF)(SN)
080-1298-000,DT11-240L-TR
085-0079-000,FC-135 32.7680KA-A0
085-0180-000,Q24FA20H0028100
090-0261-000,"CUS10S30,H3PPF(T"
090-0261-000,"CUS10S30,H3PPF(T"
100-0038-000,MPZ1608S300AT
115-0467-000,SN74LVC1G11DBVR
115-1156-000,TMP451AIDQFR
115-1911-000,SN74AVC8T245DGVR-P
115-2144-000,RT9807-30GB
115-2185-000,"TC7PZ07FU,LJ(CT"
115-2186-000,"TC7PZ05FU,LJ(CT"
115-2187-000,RT9834C-16GH
130-0413-000,MDT1608-CR1R0N
130-0807-000,DFE252012P-1R0M=P2
130-0808-000,PIC0615HR10YF-39
131-0643-000,PIC0603H2R2MN-15
161-0193-600,K4F6E304HB-MGCH
195-0291-000,195-0291-000
195-1332-000,RK73B1ETTP103J
195-1332-000,RK73B1ETTP103J
195-1332-000,RK73B1ETTP103J
195-1333-000,RK73Z1ETTP
195-1333-000,RK73Z1ETTP
195-1336-000,RK73B1ETTP102J
195-1342-000,RK73H1ETTP1000F
195-1342-000,RK73H1ETTP1000F
195-1345-000,RK73H1ETTP4991F
195-1351-000,RK73H1ETTP1001F
195-1357-000,RK73H1ETTP1003F
195-1370-000,RK73H1ETTP1581F
195-1374-000,RK73H1ETTP8251F
195-1383-000,RK73B1ETTP472J
195-1385-000,RK73B1ETTP104J
195-1385-000,RK73B1ETTP104J
195-1390-000,RK73B1ETTP100J
195-1636-000,RTT01000JTP
195-1714-000,AC0805JR-0733RL
195-1722-000,AC0805JR-0710RL
195-1756-000,AC0402FR-0722K1L
195-1758-000,RC0201FR-07240RL
195-1766-000,RK73H1ETTP49R9F
195-1785-000,RK73H1ETTP2001F
195-1854-000,AC0402FR-0726K1L
195-1928-000,RCA040236K5FKED
195-1937-000,AC0805JR-0715RL
195-2004-000,195-2004-000
195-2117-000,195-2117-000
195-2171-000,195-2171-000
195-2172-000,195-2172-000
195-2363-000,195-2363-000
195-2461-000,195-2461-000
195-2606-000,195-2606-000
300-0392-000,RHU002N06FMLT106
300-0392-000,RHU002N06FMLT106
300-0890-000,RTR030P02FGMTL
300-0949-000,BSZ065N03LS
300-0950-000,BSZ0901NS
300-0958-000,SSM3K16FU
300-0958-000,SSM3K16FU
300-0976-000,"SSM3J15FU,LF(T"
305-0069-000,RTR040N03FMTTL
315-0966-000,RT9193-33GB
316-0188-000,MAX15492GTA+T
316-0454-000,MAX16989ATJD/V+
316-0481-000,APW8716AQBI-TRG
TM660M-A2,
